problema;  modelo;  lb_cmax; num_jobs;  num_maquina;  fl_inteiro;  best_bound;  funcao_objetivo;  mip_relative_gap; number_of_contraints; number_of_variables; number_of_var_values; nb_iterations; nb_nodes_processed; nb_linear_nonzeros; status; time; has_hit_limit 
ID000_M003_J004; minla_fav; 0; 3; 4; True; 29.0; 29.0; 0.0; 140; 31; 21; 34; 0; 376; integer optimal solution; 0.11298584938049316; False;  
ID000_M003_J004; minla_fav; 29.0; 3; 4; True; 29.0; 29.0; 0.0; 140; 31; 21; 34; 0; 376; integer optimal solution; 0.00595402717590332; False;  
ID000_M003_J004; manne; 0; 3; 4; True; 29.000000000000004; 29.000000000000004; 0.0; 48; 31; 21; 42; 0; 132; integer optimal solution; 0.030812978744506836; False;  
ID000_M003_J004; manne; 29.0; 3; 4; True; 29.0; 29.0; 0.0; 48; 31; 18; 57; 0; 132; integer optimal solution; 0.0050258636474609375; False;  
ID000_M003_J004; liao; 0; 3; 4; True; 29.0; 29.0; 0.0; 30; 49; 37; 56; 0; 96; integer optimal solution; 0.006529092788696289; False;  
ID000_M003_J004; liao; 29.0; 3; 4; True; 29.0; 29.0; 0.0; 30; 49; 33; 58; 0; 96; integer optimal solution; 0.006357908248901367; False;  
ID000_M003_J004; liao_desig; 0; 3; 4; True; 29.0; 29.0; 0.0; 122; 49; 37; 41; 0; 340; integer optimal solution; 0.00511622428894043; False;  
ID000_M003_J004; liao_desig; 29.0; 3; 4; True; 29.0; 29.0; 0.0; 122; 49; 37; 41; 0; 340; integer optimal solution; 0.005243062973022461; False;  
ID000_M003_J004; minla_fav; 0; 3; 4; False; nan; 24.492644002992268; nan; 140; 31; 23; 43; 0; 376; optimal; 0.0005869865417480469; False;  
ID000_M003_J004; minla_fav; 29.0; 3; 4; False; nan; 29.0; nan; 140; 31; 20; 28; 0; 376; optimal; 0.0004489421844482422; False;  
ID000_M003_J004; manne; 0; 3; 4; False; nan; 23.0; nan; 48; 31; 22; 21; 0; 132; optimal; 0.00034308433532714844; False;  
ID000_M003_J004; manne; 29.0; 3; 4; False; nan; 29.0; nan; 48; 31; 22; 21; 0; 132; optimal; 0.00030803680419921875; False;  
ID000_M003_J004; liao; 0; 3; 4; False; nan; 23.0; nan; 30; 49; 26; 16; 0; 96; optimal; 0.0003750324249267578; False;  
ID000_M003_J004; liao; 29.0; 3; 4; False; nan; 29.0; nan; 30; 49; 26; 16; 0; 96; optimal; 0.00036406517028808594; False;  
ID000_M003_J004; liao_desig; 0; 3; 4; False; nan; 24.492644002992275; nan; 122; 49; 42; 53; 0; 340; optimal; 0.0006427764892578125; False;  
ID000_M003_J004; liao_desig; 29.0; 3; 4; False; nan; 29.0; nan; 122; 49; 40; 36; 0; 340; optimal; 0.0005171298980712891; False;  
ID000_M003_J005; minla_fav; 0; 3; 5; True; 33.0; 33.0; 0.0; 220; 46; 28; 117; 0; 605; integer optimal solution; 0.008620977401733398; False;  
ID000_M003_J005; minla_fav; 33.0; 3; 5; True; 33.0; 33.0; 0.0; 220; 46; 31; 84; 0; 605; integer optimal solution; 0.01026606559753418; False;  
ID000_M003_J005; manne; 0; 3; 5; True; 33.0; 33.0; 0.0; 75; 46; 29; 107; 0; 210; integer optimal solution; 0.00948190689086914; False;  
ID000_M003_J005; manne; 33.0; 3; 5; True; 33.0; 33.0; 0.0; 75; 46; 28; 47; 0; 210; integer optimal solution; 0.00713801383972168; False;  
ID000_M003_J005; liao; 0; 3; 5; True; 33.0; 33.0; 0.0; 45; 76; 59; 178; 0; 150; integer optimal solution; 0.01250600814819336; False;  
ID000_M003_J005; liao; 33.0; 3; 5; True; 33.0; 33.0; 0.0; 45; 76; 51; 96; 0; 150; integer optimal solution; 0.009711027145385742; False;  
ID000_M003_J005; liao_desig; 0; 3; 5; True; 33.0; 33.0; 0.0; 190; 76; 55; 118; 0; 545; integer optimal solution; 0.009449005126953125; False;  
ID000_M003_J005; liao_desig; 33.0; 3; 5; True; 33.0; 33.0; 0.0; 190; 76; 59; 90; 0; 545; integer optimal solution; 0.011636018753051758; False;  
ID000_M003_J005; minla_fav; 0; 3; 5; False; nan; 28.558613184079604; nan; 220; 46; 37; 58; 0; 605; optimal; 0.000701904296875; False;  
ID000_M003_J005; minla_fav; 33.0; 3; 5; False; nan; 33.0; nan; 220; 46; 28; 45; 0; 605; optimal; 0.0005509853363037109; False;  
ID000_M003_J005; manne; 0; 3; 5; False; nan; 23.0; nan; 75; 46; 33; 32; 0; 210; optimal; 0.0003437995910644531; False;  
ID000_M003_J005; manne; 33.0; 3; 5; False; nan; 33.0; nan; 75; 46; 33; 32; 0; 210; optimal; 0.00033402442932128906; False;  
ID000_M003_J005; liao; 0; 3; 5; False; nan; 23.0; nan; 45; 76; 40; 18; 0; 150; optimal; 0.0004038810729980469; False;  
ID000_M003_J005; liao; 33.0; 3; 5; False; nan; 33.0; nan; 45; 76; 40; 18; 0; 150; optimal; 0.0003921985626220703; False;  
ID000_M003_J005; liao_desig; 0; 3; 5; False; nan; 28.5586131840796; nan; 190; 76; 69; 69; 0; 545; optimal; 0.0008521080017089844; False;  
ID000_M003_J005; liao_desig; 33.0; 3; 5; False; nan; 33.0; nan; 190; 76; 61; 52; 0; 545; optimal; 0.0006759166717529297; False;  
ID000_M015_J015; minla_fav; 0; 15; 15; True; 1210.0; 1210.0; 0.0; 10110; 1801; 1020; 11029299; 75919; 29445; integer optimal solution; 453.21612787246704; False;  
ID000_M015_J015; minla_fav; 1210.0; 15; 15; True; 1210.0; 1210.0; 0.0; 10110; 1801; 1007; 18520935; 157577; 29445; integer optimal solution; 596.049684047699; False;  
ID000_M015_J015; manne; 0; 15; 15; True; 1209.9999898108024; 1209.999999998; 8.419171596078956e-09; 3375; 1801; 1009; 11263213; 121579; 9900; integer optimal, tolerance; 237.08217215538025; False;  
ID000_M015_J015; manne; 1210.0; 15; 15; True; 1210.0; 1210.0; 0.0; 3375; 1801; 1023; 44263455; 424459; 9900; integer optimal solution; 700.1869308948517; False;  
ID000_M015_J015; liao; 0; 15; 15; True; 1079.206703910616; 1213.9999999969987; 0.1110323690994274; 1800; 3376; 2515; 236928444; 666540; 6750; time limit exceeded; 7200.0110540390015; True;  
ID000_M015_J015; liao; 1210.0; 15; 15; True; 1210.0000000000007; 1213.9999999950014; 0.003294892911875515; 1800; 3376; 2510; 244946244; 2387205; 6750; time limit exceeded; 7200.012168884277; True;  
ID000_M015_J015; liao_desig; 0; 15; 15; True; 1209.8823529411748; 1209.9999999999998; 9.722897423554076e-05; 8535; 3376; 2545; 55151430; 170950; 26295; integer optimal, tolerance; 2317.5953629016876; False;  
ID000_M015_J015; liao_desig; 1210.0; 15; 15; True; 1210.0; 1215.9999999999998; 0.004934210526315198; 8535; 3376; 2500; 118480860; 294915; 26295; time limit exceeded; 7200.009383201599; True;  
ID000_M015_J015; minla_fav; 0; 15; 15; False; nan; 982.4701986754965; nan; 10110; 1801; 1179; 3013; 0; 29445; optimal; 0.0841679573059082; False;  
ID000_M015_J015; minla_fav; 1210.0; 15; 15; False; nan; 1210.0; nan; 10110; 1801; 1163; 2088; 0; 29445; optimal; 0.07675313949584961; False;  
ID000_M015_J015; manne; 0; 15; 15; False; nan; 963.0; nan; 3375; 1801; 1033; 1032; 0; 9900; optimal; 0.0183870792388916; False;  
ID000_M015_J015; manne; 1210.0; 15; 15; False; nan; 1210.0; nan; 3375; 1801; 1033; 1032; 0; 9900; optimal; 0.017030954360961914; False;  
ID000_M015_J015; liao; 0; 15; 15; False; nan; 963.0; nan; 1800; 3376; 1785; 341; 0; 6750; optimal; 0.00755000114440918; False;  
ID000_M015_J015; liao; 1210.0; 15; 15; False; nan; 1210.0; nan; 1800; 3376; 1785; 341; 0; 6750; optimal; 0.007503032684326172; False;  
ID000_M015_J015; liao_desig; 0; 15; 15; False; nan; 982.4701986754966; nan; 8535; 3376; 2707; 2834; 0; 26295; optimal; 0.07775211334228516; False;  
ID000_M015_J015; liao_desig; 1210.0; 15; 15; False; nan; 1210.0; nan; 8535; 3376; 2601; 1984; 0; 26295; optimal; 0.09289097785949707; False;  
ID001_M015_J015; minla_fav; 0; 15; 15; True; 1176.888888888889; 1177.0; 9.440196356081258e-05; 10110; 1801; 988; 135651899; 544767; 29445; integer optimal, tolerance; 4448.060330867767; False;  
ID001_M015_J015; minla_fav; 1177.0; 15; 15; True; 1177.0; 1177.0; 0.0; 10110; 1801; 989; 12140539; 107343; 29445; integer optimal solution; 422.6638379096985; False;  
ID001_M015_J015; manne; 0; 15; 15; True; 1176.9666666666662; 1177.0; 2.8320589068610815e-05; 3375; 1801; 995; 69027037; 483156; 9900; integer optimal, tolerance; 973.6070730686188; False;  
ID001_M015_J015; manne; 1177.0; 15; 15; True; 1177.0; 1177.0; 0.0; 3375; 1801; 979; 13625535; 169871; 9900; integer optimal solution; 274.6130669116974; False;  
ID001_M015_J015; liao; 0; 15; 15; True; 1068.0; 1179.9999998822022; 0.09491525414692674; 1800; 3376; 2526; 165890113; 181670; 6750; time limit exceeded; 7200.615133047104; True;  
ID001_M015_J015; liao; 1177.0; 15; 15; True; 1177.0000000000007; 1196.0; 0.015886287625416162; 1800; 3376; 2508; 171828623; 550132; 6750; time limit exceeded; 7200.010540008545; True;  
ID001_M015_J015; liao_desig; 0; 15; 15; True; 1067.0374535964347; 1183.0; 0.09802413051864368; 8535; 3376; 2497; 107975746; 160358; 26295; time limit exceeded; 7200.563899040222; True;  
ID001_M015_J015; liao_desig; 1177.0; 15; 15; True; 1177.0; 1190.0; 0.010924369747898241; 8535; 3376; 2491; 114204047; 331418; 26295; time limit exceeded; 7200.013819932938; True;  
ID001_M015_J015; minla_fav; 0; 15; 15; False; nan; 945.6247810339937; nan; 10110; 1801; 1160; 3405; 0; 29445; optimal; 0.11780714988708496; False;  
ID001_M015_J015; minla_fav; 1177.0; 15; 15; False; nan; 1177.0; nan; 10110; 1801; 1082; 2476; 0; 29445; optimal; 0.09034395217895508; False;  
ID001_M015_J015; manne; 0; 15; 15; False; nan; 942.0; nan; 3375; 1801; 1024; 1023; 0; 9900; optimal; 0.0185089111328125; False;  
ID001_M015_J015; manne; 1177.0; 15; 15; False; nan; 1177.0; nan; 3375; 1801; 1024; 1023; 0; 9900; optimal; 0.018203020095825195; False;  
ID001_M015_J015; liao; 0; 15; 15; False; nan; 942.0; nan; 1800; 3376; 1787; 344; 0; 6750; optimal; 0.007451057434082031; False;  
ID001_M015_J015; liao; 1177.0; 15; 15; False; nan; 1177.0; nan; 1800; 3376; 1787; 346; 0; 6750; optimal; 0.01271200180053711; False;  
ID001_M015_J015; liao_desig; 0; 15; 15; False; nan; 945.6247810339936; nan; 8535; 3376; 2708; 2649; 0; 26295; optimal; 0.08191084861755371; False;  
ID001_M015_J015; liao_desig; 1177.0; 15; 15; False; nan; 1177.0; nan; 8535; 3376; 2572; 2089; 0; 26295; optimal; 0.11373019218444824; False;  
ID002_M015_J015; minla_fav; 0; 15; 15; True; 1196.90625; 1197.0; 7.832080200500598e-05; 10110; 1801; 1008; 172930698; 1187995; 29445; integer optimal, tolerance; 4541.577781915665; False;  
ID002_M015_J015; minla_fav; 1197.0; 15; 15; True; 1197.0; 1197.0; 0.0; 10110; 1801; 1015; 137014784; 903573; 29445; integer optimal solution; 3510.700679063797; False;  
ID002_M015_J015; manne; 0; 15; 15; True; 1196.9024183283839; 1196.999999992; 8.152185765819115e-05; 3375; 1801; 1008; 179317681; 1204368; 9900; integer optimal, tolerance; 2528.7936799526215; False;  
ID002_M015_J015; manne; 1197.0; 15; 15; True; 1197.0; 1197.0; 0.0; 3375; 1801; 1015; 18464966; 188992; 9900; integer optimal solution; 299.3190200328827; False;  
ID002_M015_J015; liao; 0; 15; 15; True; 1060.9999999999986; 1198.0; 0.11435726210349743; 1800; 3376; 2524; 185029956; 201710; 6750; time limit exceeded; 7200.626797914505; True;  
ID002_M015_J015; liao; 1197.0; 15; 15; True; 1197.0000000000005; 1201.0000000000005; 0.0033305578684426854; 1800; 3376; 2505; 153867609; 411670; 6750; time limit exceeded; 7200.010958909988; True;  
ID002_M015_J015; liao_desig; 0; 15; 15; True; 1058.2149788698607; 1204.0; 0.12108390459312889; 8535; 3376; 2519; 114330726; 266826; 26295; time limit exceeded; 7200.996922016144; True;  
ID002_M015_J015; liao_desig; 1197.0; 15; 15; True; 1197.0; 1201.0; 0.0033305578684426867; 8535; 3376; 2523; 126216821; 473382; 26295; time limit exceeded; 7200.0119071006775; True;  
ID002_M015_J015; minla_fav; 0; 15; 15; False; nan; 947.8456375838925; nan; 10110; 1801; 1114; 2800; 0; 29445; optimal; 0.09415102005004883; False;  
ID002_M015_J015; minla_fav; 1197.0; 15; 15; False; nan; 1197.0; nan; 10110; 1801; 1169; 2330; 0; 29445; optimal; 0.08296489715576172; False;  
ID002_M015_J015; manne; 0; 15; 15; False; nan; 921.0; nan; 3375; 1801; 1146; 1145; 0; 9900; optimal; 0.02155590057373047; False;  
ID002_M015_J015; manne; 1197.0; 15; 15; False; nan; 1197.0; nan; 3375; 1801; 1146; 1145; 0; 9900; optimal; 0.021646976470947266; False;  
ID002_M015_J015; liao; 0; 15; 15; False; nan; 921.0; nan; 1800; 3376; 1786; 330; 0; 6750; optimal; 0.007542133331298828; False;  
ID002_M015_J015; liao; 1197.0; 15; 15; False; nan; 1197.0; nan; 1800; 3376; 1787; 333; 0; 6750; optimal; 0.010596990585327148; False;  
ID002_M015_J015; liao_desig; 0; 15; 15; False; nan; 947.8456375838925; nan; 8535; 3376; 2643; 2290; 0; 26295; optimal; 0.10134196281433105; False;  
ID002_M015_J015; liao_desig; 1197.0; 15; 15; False; nan; 1197.0; nan; 8535; 3376; 2645; 2158; 0; 26295; optimal; 0.13467788696289062; False;  
ID003_M015_J015; minla_fav; 0; 15; 15; True; 1171.8869565220805; 1172.0; 9.645347945350577e-05; 10110; 1801; 1034; 78962933; 563623; 29445; integer optimal, tolerance; 2175.8175859451294; False;  
ID003_M015_J015; minla_fav; 1172.0; 15; 15; True; 1172.0; 1172.0; 0.0; 10110; 1801; 1029; 170608075; 1264146; 29445; integer optimal solution; 4500.574589967728; False;  
ID003_M015_J015; manne; 0; 15; 15; True; 1171.888888888889; 1171.999999996; 9.480469890059546e-05; 3375; 1801; 1058; 338878608; 2152109; 9900; integer optimal, tolerance; 5875.681874990463; False;  
ID003_M015_J015; manne; 1172.0; 15; 15; True; 1172.0; 1172.0; 0.0; 3375; 1801; 1027; 433889677; 3772810; 9900; integer optimal solution; 6874.593560934067; False;  
ID003_M015_J015; liao; 0; 15; 15; True; 1022.7726044501969; 1180.9999999999998; 0.1339774729464771; 1800; 3376; 2530; 174108994; 202387; 6750; time limit exceeded; 7200.013024806976; True;  
ID003_M015_J015; liao; 1172.0; 15; 15; True; 1172.0000000000007; 1186.0000000000005; 0.011804384485664912; 1800; 3376; 2489; 231426523; 2331677; 6750; time limit exceeded; 7200.0122859478; True;  
ID003_M015_J015; liao_desig; 0; 15; 15; True; 1052.0872111573972; 1181.0; 0.10915562137391355; 8535; 3376; 2575; 101223900; 282003; 26295; time limit exceeded; 7200.951494932175; True;  
ID003_M015_J015; liao_desig; 1172.0; 15; 15; True; 1172.0000000000002; 1188.9999999929983; 0.014297729178382427; 8535; 3376; 2560; 109476234; 343148; 26295; time limit exceeded; 7200.01128411293; True;  
ID003_M015_J015; minla_fav; 0; 15; 15; False; nan; 911.0; nan; 10110; 1801; 1171; 2755; 0; 29445; optimal; 0.09497404098510742; False;  
ID003_M015_J015; minla_fav; 1172.0; 15; 15; False; nan; 1172.0; nan; 10110; 1801; 1095; 2668; 0; 29445; optimal; 0.09445905685424805; False;  
ID003_M015_J015; manne; 0; 15; 15; False; nan; 911.0; nan; 3375; 1801; 1053; 1052; 0; 9900; optimal; 0.019744157791137695; False;  
ID003_M015_J015; manne; 1172.0; 15; 15; False; nan; 1172.0; nan; 3375; 1801; 1053; 1052; 0; 9900; optimal; 0.018776893615722656; False;  
ID003_M015_J015; liao; 0; 15; 15; False; nan; 911.0; nan; 1800; 3376; 1788; 339; 0; 6750; optimal; 0.007566928863525391; False;  
ID003_M015_J015; liao; 1172.0; 15; 15; False; nan; 1172.0; nan; 1800; 3376; 1788; 339; 0; 6750; optimal; 0.007516145706176758; False;  
ID003_M015_J015; liao_desig; 0; 15; 15; False; nan; 911.0; nan; 8535; 3376; 2660; 2237; 0; 26295; optimal; 0.07261490821838379; False;  
ID003_M015_J015; liao_desig; 1172.0; 15; 15; False; nan; 1172.0; nan; 8535; 3376; 2586; 2106; 0; 26295; optimal; 0.11307287216186523; False;  
ID005_M015_J015; minla_fav; 0; 15; 15; True; 1161.929362540009; 1162.0; 6.078955248801194e-05; 10110; 1801; 1013; 57625105; 298407; 29445; integer optimal, tolerance; 1809.9901580810547; False;  
ID005_M015_J015; minla_fav; 1162.0; 15; 15; True; 1162.0; 1162.0; 0.0; 10110; 1801; 1009; 10996393; 108008; 29445; integer optimal solution; 362.6109080314636; False;  
ID005_M015_J015; manne; 0; 15; 15; True; 1161.887752200548; 1162.0; 9.659879470911975e-05; 3375; 1801; 1014; 89597757; 539193; 9900; integer optimal, tolerance; 1571.3684639930725; False;  
ID005_M015_J015; manne; 1162.0; 15; 15; True; 1162.0; 1168.0; 0.005136986301369423; 3375; 1801; 955; 476593252; 3438101; 9900; time limit exceeded; 7200.0086460113525; True;  
ID005_M015_J015; liao; 0; 15; 15; True; 1067.0; 1175.0; 0.09191489361701345; 1800; 3376; 2494; 188964572; 203095; 6750; time limit exceeded; 7200.643151044846; True;  
ID005_M015_J015; liao; 1162.0; 15; 15; True; 1162.000000000001; 1181.0; 0.016088060965281526; 1800; 3376; 2447; 236048557; 2856541; 6750; time limit exceeded; 7200.013417005539; True;  
ID005_M015_J015; liao_desig; 0; 15; 15; True; 1161.8876262675994; 1162.0; 9.670717074057346e-05; 8535; 3376; 2549; 94370283; 268239; 26295; integer optimal, tolerance; 5656.112756967545; False;  
ID005_M015_J015; liao_desig; 1162.0; 15; 15; True; 1162.0; 1167.999999999999; 0.005136986301368648; 8535; 3376; 2481; 105957369; 281900; 26295; time limit exceeded; 7200.011034011841; True;  
ID005_M015_J015; minla_fav; 0; 15; 15; False; nan; 915.057151941249; nan; 10110; 1801; 1145; 3295; 0; 29445; optimal; 0.10491108894348145; False;  
ID005_M015_J015; minla_fav; 1162.0; 15; 15; False; nan; 1162.0; nan; 10110; 1801; 1168; 2412; 0; 29445; optimal; 0.10090303421020508; False;  
ID005_M015_J015; manne; 0; 15; 15; False; nan; 849.0; nan; 3375; 1801; 1108; 1107; 0; 9900; optimal; 0.020169973373413086; False;  
ID005_M015_J015; manne; 1162.0; 15; 15; False; nan; 1162.0; nan; 3375; 1801; 1108; 1107; 0; 9900; optimal; 0.020995140075683594; False;  
ID005_M015_J015; liao; 0; 15; 15; False; nan; 849.0; nan; 1800; 3376; 1788; 333; 0; 6750; optimal; 0.007503986358642578; False;  
ID005_M015_J015; liao; 1162.0; 15; 15; False; nan; 1162.0; nan; 1800; 3376; 1787; 333; 0; 6750; optimal; 0.007528781890869141; False;  
ID005_M015_J015; liao_desig; 0; 15; 15; False; nan; 915.0571519412489; nan; 8535; 3376; 2687; 3470; 0; 26295; optimal; 0.11605095863342285; False;  
ID005_M015_J015; liao_desig; 1162.0; 15; 15; False; nan; 1162.0; nan; 8535; 3376; 2635; 2066; 0; 26295; optimal; 0.12227201461791992; False;  
ID006_M015_J015; minla_fav; 0; 15; 15; True; 1242.983606557377; 1243.0; 1.3188610316156916e-05; 10110; 1801; 990; 17034488; 115249; 29445; integer optimal, tolerance; 680.8959450721741; False;  
ID006_M015_J015; minla_fav; 1243.0; 15; 15; True; 1243.0; 1243.0; 0.0; 10110; 1801; 991; 2143363; 49649; 29445; integer optimal solution; 126.95471000671387; False;  
ID006_M015_J015; manne; 0; 15; 15; True; 1242.9310344827588; 1242.9999999999995; 5.548311926042425e-05; 3375; 1801; 1010; 15336692; 114607; 9900; integer optimal, tolerance; 294.3865249156952; False;  
ID006_M015_J015; manne; 1243.0; 15; 15; True; 1243.0; 1243.0; 0.0; 3375; 1801; 977; 11611066; 147639; 9900; integer optimal solution; 215.14804792404175; False;  
ID006_M015_J015; liao; 0; 15; 15; True; 1119.6388043468633; 1243.0000000000002; 0.09924472699366615; 1800; 3376; 2504; 183331858; 145839; 6750; time limit exceeded; 7200.009743928909; True;  
ID006_M015_J015; liao; 1243.0; 15; 15; True; 1243.0000000000005; 1243.0000000000005; 0.0; 1800; 3376; 2494; 37360612; 453599; 6750; integer optimal solution; 1046.4453029632568; False;  
ID006_M015_J015; liao_desig; 0; 15; 15; True; 1187.0411148619407; 1242.9999999999998; 0.045019215718467044; 8535; 3376; 2513; 113928798; 251426; 26295; time limit exceeded; 7200.01136302948; True;  
ID006_M015_J015; liao_desig; 1243.0; 15; 15; True; 1243.0; 1243.0; 0.0; 8535; 3376; 2502; 41855280; 137473; 26295; integer optimal solution; 2235.053904056549; False;  
ID006_M015_J015; minla_fav; 0; 15; 15; False; nan; 979.4327546182903; nan; 10110; 1801; 1125; 3140; 0; 29445; optimal; 0.08768892288208008; False;  
ID006_M015_J015; minla_fav; 1243.0; 15; 15; False; nan; 1243.0; nan; 10110; 1801; 1175; 2163; 0; 29445; optimal; 0.07442808151245117; False;  
ID006_M015_J015; manne; 0; 15; 15; False; nan; 935.0; nan; 3375; 1801; 1134; 1133; 0; 9900; optimal; 0.026379108428955078; False;  
ID006_M015_J015; manne; 1243.0; 15; 15; False; nan; 1243.0; nan; 3375; 1801; 1134; 1133; 0; 9900; optimal; 0.02112293243408203; False;  
ID006_M015_J015; liao; 0; 15; 15; False; nan; 935.0; nan; 1800; 3376; 1787; 341; 0; 6750; optimal; 0.00749516487121582; False;  
ID006_M015_J015; liao; 1243.0; 15; 15; False; nan; 1243.0; nan; 1800; 3376; 1787; 344; 0; 6750; optimal; 0.00751805305480957; False;  
ID006_M015_J015; liao_desig; 0; 15; 15; False; nan; 979.4327546182902; nan; 8535; 3376; 2663; 2836; 0; 26295; optimal; 0.09363794326782227; False;  
ID006_M015_J015; liao_desig; 1243.0; 15; 15; False; nan; 1243.0; nan; 8535; 3376; 2615; 2264; 0; 26295; optimal; 0.09227609634399414; False;  
ID007_M015_J015; minla_fav; 0; 15; 15; True; 1180.901515151515; 1181.0; 8.339106560963416e-05; 10110; 1801; 1033; 1014219; 14825; 29445; integer optimal, tolerance; 60.29037094116211; False;  
ID007_M015_J015; minla_fav; 1181.0; 15; 15; True; 1181.0; 1181.0; 0.0; 10110; 1801; 1030; 1155325; 25230; 29445; integer optimal solution; 65.34268498420715; False;  
ID007_M015_J015; manne; 0; 15; 15; True; 1181.0; 1181.0; 0.0; 3375; 1801; 1039; 1524290; 35633; 9900; integer optimal solution; 51.51949191093445; False;  
ID007_M015_J015; manne; 1181.0; 15; 15; True; 1181.0; 1181.0; 0.0; 3375; 1801; 1036; 1200494; 46458; 9900; integer optimal solution; 51.634949922561646; False;  
ID007_M015_J015; liao; 0; 15; 15; True; 1180.8888888888328; 1181.0; 9.408222791468055e-05; 1800; 3376; 2557; 8469206; 41638; 6750; integer optimal, tolerance; 251.97474718093872; False;  
ID007_M015_J015; liao; 1181.0; 15; 15; True; 1181.0000000000007; 1181.0000000000007; 0.0; 1800; 3376; 2552; 28770476; 87001; 6750; integer optimal solution; 1021.3087639808655; False;  
ID007_M015_J015; liao_desig; 0; 15; 15; True; 1181.0; 1181.0; 0.0; 8535; 3376; 2564; 4637060; 21005; 26295; integer optimal solution; 222.4928741455078; False;  
ID007_M015_J015; liao_desig; 1181.0; 15; 15; True; 1181.0; 1181.0; 0.0; 8535; 3376; 2563; 5058090; 27579; 26295; integer optimal solution; 221.0535979270935; False;  
ID007_M015_J015; minla_fav; 0; 15; 15; False; nan; 963.0; nan; 10110; 1801; 1122; 2744; 0; 29445; optimal; 0.08006596565246582; False;  
ID007_M015_J015; minla_fav; 1181.0; 15; 15; False; nan; 1181.0; nan; 10110; 1801; 1043; 2134; 0; 29445; optimal; 0.06187701225280762; False;  
ID007_M015_J015; manne; 0; 15; 15; False; nan; 963.0; nan; 3375; 1801; 967; 966; 0; 9900; optimal; 0.01665806770324707; False;  
ID007_M015_J015; manne; 1181.0; 15; 15; False; nan; 1181.0; nan; 3375; 1801; 967; 966; 0; 9900; optimal; 0.016650915145874023; False;  
ID007_M015_J015; liao; 0; 15; 15; False; nan; 963.0; nan; 1800; 3376; 1787; 330; 0; 6750; optimal; 0.007596015930175781; False;  
ID007_M015_J015; liao; 1181.0; 15; 15; False; nan; 1181.0; nan; 1800; 3376; 1788; 329; 0; 6750; optimal; 0.007545948028564453; False;  
ID007_M015_J015; liao_desig; 0; 15; 15; False; nan; 963.0; nan; 8535; 3376; 2679; 2551; 0; 26295; optimal; 0.07816386222839355; False;  
ID007_M015_J015; liao_desig; 1181.0; 15; 15; False; nan; 1181.0; nan; 8535; 3376; 2534; 2063; 0; 26295; optimal; 0.05987191200256348; False;  
ID009_M015_J015; minla_fav; 0; 15; 15; True; 1206.0; 1206.0; 0.0; 10110; 1801; 1056; 16359632; 89027; 29445; integer optimal solution; 626.7220258712769; False;  
ID009_M015_J015; minla_fav; 1206.0; 15; 15; True; 1206.0; 1206.0; 0.0; 10110; 1801; 1049; 2084191; 44800; 29445; integer optimal solution; 129.0505940914154; False;  
ID009_M015_J015; manne; 0; 15; 15; True; 1110.9677311168696; 1205.9999999999995; 0.07879955960457888; 3375; 1801; 1054; 312300349; 1285407; 9900; time limit exceeded; 7200.007378101349; True;  
ID009_M015_J015; manne; 1206.0; 15; 15; True; 1206.0; 1206.0; 0.0; 3375; 1801; 1045; 43463637; 483347; 9900; integer optimal solution; 816.7923028469086; False;  
ID009_M015_J015; liao; 0; 15; 15; True; 1039.9999999999982; 1239.9999999949978; 0.1612903225772502; 1800; 3376; 2589; 187970843; 206415; 6750; time limit exceeded; 7200.0158858299255; True;  
ID009_M015_J015; liao; 1206.0; 15; 15; True; 1206.0000000000007; 1228.0; 0.017915309446252057; 1800; 3376; 2556; 245880670; 1697177; 6750; time limit exceeded; 7200.109447002411; True;  
ID009_M015_J015; liao_desig; 0; 15; 15; True; 1205.8916408668788; 1205.9999998391004; 8.984989405973678e-05; 8535; 3376; 2578; 65195880; 239298; 26295; integer optimal, tolerance; 2488.6301159858704; False;  
ID009_M015_J015; liao_desig; 1206.0; 15; 15; True; 1206.0; 1206.0; 0.0; 8535; 3376; 2588; 62735644; 158010; 26295; integer optimal solution; 4636.670689105988; False;  
ID009_M015_J015; minla_fav; 0; 15; 15; False; nan; 988.8829191933197; nan; 10110; 1801; 1153; 3273; 0; 29445; optimal; 0.0959169864654541; False;  
ID009_M015_J015; minla_fav; 1206.0; 15; 15; False; nan; 1206.0; nan; 10110; 1801; 1261; 2154; 0; 29445; optimal; 0.07988405227661133; False;  
ID009_M015_J015; manne; 0; 15; 15; False; nan; 896.0; nan; 3375; 1801; 1108; 1107; 0; 9900; optimal; 0.020186185836791992; False;  
ID009_M015_J015; manne; 1206.0; 15; 15; False; nan; 1206.0; nan; 3375; 1801; 1108; 1107; 0; 9900; optimal; 0.02133011817932129; False;  
ID009_M015_J015; liao; 0; 15; 15; False; nan; 896.0; nan; 1800; 3376; 1785; 346; 0; 6750; optimal; 0.0074808597564697266; False;  
ID009_M015_J015; liao; 1206.0; 15; 15; False; nan; 1206.0; nan; 1800; 3376; 1786; 345; 0; 6750; optimal; 0.007791996002197266; False;  
ID009_M015_J015; liao_desig; 0; 15; 15; False; nan; 988.8829191933197; nan; 8535; 3376; 2691; 2907; 0; 26295; optimal; 0.0828099250793457; False;  
ID009_M015_J015; liao_desig; 1206.0; 15; 15; False; nan; 1206.0; nan; 8535; 3376; 2621; 1961; 0; 26295; optimal; 0.0790400505065918; False;  
